<?xml version="1.0" encoding="UTF-8"?>
<beans xmlns="http://www.springframework.org/schema/beans"
        xmlns:xsi="http://www.w3.org/2001/XMLSchema-instance"
        xmlns:context="http://www.springframework.org/schema/context"
         xmlns:p="http://www.springframework.org/schema/p"
        xsi:schemaLocation="http://www.springframework.org/schema/beans
            http://www.springframework.org/schema/beans/spring-beans.xsd
            http://www.springframework.org/schema/context
            http://www.springframework.org/schema/context/spring-context.xsd">
	
	
 	<bean class="com.Constructor.Engine" id="e">
	<property name="modelYear" value="2019"></property>
	</bean>     
	
	<bean class="com.Constructor.Car" id="car1">
	<property name="carName" value="Audi"></property>
	<property name="engine" ref="e"></property>
	</bean>  
	
	
	
	
	
       
       
       
</beans>