<?xml version="1.0" encoding="UTF-8"?>
<beans xmlns="http://www.springframework.org/schema/beans"
        xmlns:xsi="http://www.w3.org/2001/XMLSchema-instance"
        xmlns:context="http://www.springframework.org/schema/context"
         xmlns:p="http://www.springframework.org/schema/p"
        xsi:schemaLocation="http://www.springframework.org/schema/beans
            http://www.springframework.org/schema/beans/spring-beans.xsd
            http://www.springframework.org/schema/context
            http://www.springframework.org/schema/context/spring-context.xsd">
          
 <bean class="com.collectionDI.Test1" id="test1">
		 <property name="fruits">
			 		<list>
			 			<value>Apple</value>
			 			<value>Mango</value>
			 			<value>Grape</value>
			 		</list>
		 </property>
		 
		 <property name="cricketers">
		 			<set>
		 				<value>Sachin</value>
		 				<value>Virat</value>
		 				<value>Gill</value>
		 			</set>
		 </property>
		 
		 
		  <property name="cc ">
		 			<map>
		 				<entry key="India" value="Delhi"/>
		 				<entry key="Russia" value="Mascow"></entry>
		 				<entry key="Japan" value="Tokyo"></entry>
		 			</map>
		 </property>
		 
		 
 
 </bean>
 
 
 </beans>