<?xml version="1.0" encoding="UTF-8"?>
<beans xmlns="http://www.springframework.org/schema/beans"
        xmlns:xsi="http://www.w3.org/2001/XMLSchema-instance"
        xmlns:context="http://www.springframework.org/schema/context"
         xmlns:p="http://www.springframework.org/schema/p"
        xsi:schemaLocation="http://www.springframework.org/schema/beans
            http://www.springframework.org/schema/beans/spring-beans.xsd
            http://www.springframework.org/schema/context
            http://www.springframework.org/schema/context/spring-context.xsd">
	
	
	<bean class="com.ConstructorAmbiguty.Student" id="std1">
	
	<constructor-arg name="stdName" value="Issach" index="0"></constructor-arg>
	<constructor-arg name="stdRollNo" value="227" index="1"></constructor-arg>
	<constructor-arg name="stdResult" value="true" index="2"></constructor-arg>
	</bean>
       
       
       
</beans>