<?xml version="1.0" encoding="UTF-8"?>
<beans xmlns="http://www.springframework.org/schema/beans"
        xmlns:xsi="http://www.w3.org/2001/XMLSchema-instance"
        xmlns:context="http://www.springframework.org/schema/context"
         xmlns:p="http://www.springframework.org/schema/p"
        xsi:schemaLocation="http://www.springframework.org/schema/beans
            http://www.springframework.org/schema/beans/spring-beans.xsd
            http://www.springframework.org/schema/context
            http://www.springframework.org/schema/context/spring-context.xsd">
	

	<bean class="com.DependencyCheck.Mobile" id="mobile1"   >
	<property name="mobileBrand" value="Apple"></property>
	<property name="sim" ref="sim1"></property>
	
	</bean>
	
	<bean class="com.dependencyChecking.Sim" id="sim1">
	<property name="networkName" value="Aritel-5G"></property>
	<property name="simNo" value="9502966216"></property>
	</bean>
	
	
	
	
	</beans>