<?xml version="1.0" encoding="UTF-8"?>
<beans xmlns="http://www.springframework.org/schema/beans"
        xmlns:xsi="http://www.w3.org/2001/XMLSchema-instance"
         xmlns:util="http://www.springframework.org/schema/util" 
         xsi:schemaLocation="http://www.springframework.org/schema/beans http://www.springframework.org/schema/beans/spring-beans.xsd
        http://www.springframework.org/schema/util http://www.springframework.org/schema/util/spring-util.xsd"
        xmlns:context="http://www.springframework.org/schema/context"
         xmlns:p="http://www.springframework.org/schema/p">
         
         
         <bean  class="com.particularCollection.Test1" id="test1">
         <property name="names">
         		<util:list list-class="java.util.Vector">
         				<value>Issach</value>
         				<value>Guru</value>
         		</util:list>
         </property>
         
          <property name="ages">
         		<util:set set-class="java.util.TreeSet">
         				<value>24</value>
         				<value>25</value>
         		</util:set>
         </property>
         
         </bean>
         
         
         
</beans>