<?xml version="1.0" encoding="UTF-8"?>
<beans xmlns="http://www.springframework.org/schema/beans"
        xmlns:xsi="http://www.w3.org/2001/XMLSchema-instance"
        xmlns:context="http://www.springframework.org/schema/context"
         xmlns:p="http://www.springframework.org/schema/p"
        xsi:schemaLocation="http://www.springframework.org/schema/beans
            http://www.springframework.org/schema/beans/spring-beans.xsd
            http://www.springframework.org/schema/context
            http://www.springframework.org/schema/context/spring-context.xsd">
            
            <bean id="test1" class="com.properties.Test1">
            	<property name="Divers">
            			<props>
            				<prop key="driverclass">oracle.jdbc.connections</prop>
            				<prop key="url">Oracle url</prop>
            				<prop key="user">System</prop>
            				<prop key="password">MyPassword</prop>
            			</props>
            	</property>
            </bean>
	
</beans>