<?xml version="1.0" encoding="UTF-8"?>
<beans xmlns="http://www.springframework.org/schema/beans"
        xmlns:xsi="http://www.w3.org/2001/XMLSchema-instance"
        xmlns:context="http://www.springframework.org/schema/context"
        xmlns:p="http://www.springframework.org/schema/p"
        xsi:schemaLocation="http://www.springframework.org/schema/beans
            http://www.springframework.org/schema/beans/spring-beans.xsd
            http://www.springframework.org/schema/context
            http://www.springframework.org/schema/context/spring-context.xsd">
	
	<context:component-scan base-package="com.annotations"></context:component-scan>
	<context:annotation-config></context:annotation-config>
	
	<bean id="e2" class="com.annotations.Engine">
	<property name="eName" value="AudiEngine"></property>
	</bean>
	
	</beans>