<?xml version="1.0" encoding="UTF-8"?>
<beans xmlns="http://www.springframework.org/schema/beans"
        xmlns:xsi="http://www.w3.org/2001/XMLSchema-instance"
        xmlns:context="http://www.springframework.org/schema/context"
         xmlns:p="http://www.springframework.org/schema/p"
        xsi:schemaLocation="http://www.springframework.org/schema/beans
            http://www.springframework.org/schema/beans/spring-beans.xsd
            http://www.springframework.org/schema/context
            http://www.springframework.org/schema/context/spring-context.xsd">
	
	
<bean class="com.StaticDI.Student" id="std1"/>

<bean class=" org.springframework.beans.factory.config.MethodInvokingFactoryBean">

<property name="staticMethod" value="com.StaticDI.Student.setStdName"/>
<property name="arguments">
<list>
	<value>Issach</value>
</list>
</property>
</bean>
	
	
</beans>