<?xml version="1.0" encoding="UTF-8"?>
<beans xmlns="http://www.springframework.org/schema/beans"
        xmlns:xsi="http://www.w3.org/2001/XMLSchema-instance"
        xmlns:context="http://www.springframework.org/schema/context"
         xmlns:p="http://www.springframework.org/schema/p"
        xsi:schemaLocation="http://www.springframework.org/schema/beans
            http://www.springframework.org/schema/beans/spring-beans.xsd
            http://www.springframework.org/schema/context
            http://www.springframework.org/schema/context/spring-context.xsd">
          
        <bean id="cpu1" class="com.ArrayDI.Cpu">
        <property name="cpuGen" value="12th-Gen"></property>
        </bean>
        
        <bean id="cpu2" class="com.ArrayDI.Cpu">
        <property name="cpuGen" value="13th-Gen"></property>
        </bean>
               
        <bean id="cpu3" class="com.ArrayDI.Cpu">
        <property name="cpuGen" value="14th-Gen"></property>
        </bean>
               
        <bean id="laptop1" class="com.ArrayDI.Laptop">
        <property name="laptopBrands">
        <list>
        	<value>Asus</value>
        	<value>xiaomi</value>
        	<value>lenovo</value>
        </list>
        </property>
        
      <!--non -->
        <property name="cpu">
        <list>
        <ref bean="cpu1"/>
        <ref bean="cpu2"/>
        <ref bean="cpu3"/>
        </list>
        
        </property>
        </bean>
    
</beans>