<?xml version="1.0" encoding="UTF-8"?>
<beans xmlns="http://www.springframework.org/schema/beans"
        xmlns:xsi="http://www.w3.org/2001/XMLSchema-instance"
        xmlns:context="http://www.springframework.org/schema/context"
         xmlns:p="http://www.springframework.org/schema/p"
        xsi:schemaLocation="http://www.springframework.org/schema/beans
            http://www.springframework.org/schema/beans/spring-beans.xsd
            http://www.springframework.org/schema/context
            http://www.springframework.org/schema/context/spring-context.xsd">
          
        
     <bean id="car1" class="com.nonprimitive.Car">
     
     <property name="carName" value="BUGATTI"/>
     
       <property name="engine">
       
       <bean class="com.nonprimitive.Engine">
       
       <property name="eName" value="Wankel engine"></property>
        <property name="eModelNo" value="4774"></property>
         <property name="ePrice" value="20.95"></property>
          <property name="eStatus" value="true"></property>
       
       </bean>
       </property>
     </bean>
</beans>