<?xml version="1.0" encoding="UTF-8"?>
<beans xmlns="http://www.springframework.org/schema/beans"
        xmlns:xsi="http://www.w3.org/2001/XMLSchema-instance"
        xmlns:context="http://www.springframework.org/schema/context"
         xmlns:p="http://www.springframework.org/schema/p"
        xsi:schemaLocation="http://www.springframework.org/schema/beans
            http://www.springframework.org/schema/beans/spring-beans.xsd
            http://www.springframework.org/schema/context
            http://www.springframework.org/schema/context/spring-context.xsd">
          
       <bean id="info" class="com.CollectionDI.Info">
       
      <!--List type collection dependency injection  --> 
       <property name="carNames">
      		 <list>
			        <value>BMW</value>
			        <value>Ferrari</value>
			        <value>Lamborgini</value>
      		 </list> 
       </property>
       
       <!--Set type collection dependency injection   -->
       <property name="bikeNames">
		     <set>
			       <value>YAMAHA</value>
			       <value>Bajaj</value>
			       <value>TVS</value>
		     </set>
       </property>
       
       <!-- Map type collection dependency injection  -->
       <property name="mobileModel">
		       <map>
				     <entry key="s23" value="samsungUltraProMax"/>
				     <entry key="s22" value="samsungUltraPro"/>
				     <entry key="s21" value="samsungUltra"/>
		       </map>
       </property>  
       </bean>
    
</beans>