<?xml version="1.0" encoding="UTF-8"?>
<beans xmlns="http://www.springframework.org/schema/beans"
        xmlns:xsi="http://www.w3.org/2001/XMLSchema-instance"
         xmlns:util="http://www.springframework.org/schema/util" 
         xsi:schemaLocation="http://www.springframework.org/schema/beans http://www.springframework.org/schema/beans/spring-beans.xsd
        http://www.springframework.org/schema/util http://www.springframework.org/schema/util/spring-util.xsd"
        xmlns:context="http://www.springframework.org/schema/context"
         xmlns:p="http://www.springframework.org/schema/p"
       >
       
       
       <bean id="info" class="com.requiredCollectionDI.Information">
       <property name="cars">
		       <util:list list-class="java.util.Vector">
			       <value>Benz</value>
			       <value>TATA</value>
		       </util:list>
       </property>
       
       <property name="wine">
       
	       <util:set set-class="java.util.TreeSet">
	       		<value>Signature</value>
	       		<value>Glenfiddich</value>
	       </util:set>
       
       </property>
       
       
       <property name="counteryCapital">
       		
       		<util:map map-class="java.util.Hashtable">
       		
				     <entry key="Russia" value="Mascow"/>
				     <entry key="USA" value="WashingtonDC"/>
       		
       		</util:map>
       </property>
       
       
       </bean>
          
      
    
</beans>