<?xml version="1.0" encoding="UTF-8"?>

<beans xmlns="http://www.springframework.org/schema/beans"
        xmlns:xsi="http://www.w3.org/2001/XMLSchema-instance"
        xmlns:context="http://www.springframework.org/schema/context"
        xmlns:p="http://www.springframework.org/schema/p"
        xsi:schemaLocation="http://www.springframework.org/schema/beans
            http://www.springframework.org/schema/beans/spring-beans.xsd
            http://www.springframework.org/schema/context
            http://www.springframework.org/schema/context/spring-context.xsd">



   <!-- By using value attribute -->
   <bean id="car" class="org.jsp.app.Car">
   
   <property name="nameOfTheCar" value="Audi"></property>
   <property name="numberOfSeats" value="4"></property>
   <property name="carNumber" value="9999"></property>
   <property name="carPrice" value="456789"></property>
   </bean>

   <!-- By using value Tag -->
   <bean id="car1" class="org.jsp.app.Car">
   <property name="nameOfTheCar"><value>KIA</value></property>
   <property name="numberOfSeats"><value>6</value></property>
   <property name="carNumber"><value>2345</value></property>
   <property name="carPrice"><value>700000</value></property>
   </bean>
   
   <!--By using p name space -->
   
   <bean id="car2" class="org.jsp.app.Car" p:nameOfTheCar="BenZ" p:numberOfSeats="5" p:carNumber="8765" p:carPrice="999999">
   </bean>
</beans>
